Product,Date,Actual Quantity Sold,Predicted Quantity
Men's Apparel,2021-07-01,23665,24154.95645662861
Men's Apparel,2021-08-01,22603,24559.080387223617
Men's Apparel,2021-09-01,22219,22510.569002785727
Men's Apparel,2021-10-01,18837,27172.890940217712
Men's Apparel,2021-11-01,19631,27577.01487081272
Men's Apparel,2021-12-01,22027,25528.503486374826
Men's Athletic Footwear,2021-07-01,30992,34032.8756574365
Men's Athletic Footwear,2021-08-01,37521,32355.33028432857
Men's Athletic Footwear,2021-09-01,34374,29295.18128371545
Men's Athletic Footwear,2021-10-01,29266,36897.31096995842
Men's Athletic Footwear,2021-11-01,25902,35219.765596850484
Men's Athletic Footwear,2021-12-01,30849,32159.616596237363
Men's Street Footwear,2021-07-01,44625,49994.59645391178
Men's Street Footwear,2021-08-01,48094,47496.03253993538
Men's Street Footwear,2021-09-01,42335,44505.45336561684
Men's Street Footwear,2021-10-01,36279,52827.50159258755
Men's Street Footwear,2021-11-01,34104,50328.93767861115
Men's Street Footwear,2021-12-01,41059,47338.35850429261
Women's Apparel,2021-07-01,32759,38217.284398019176
Women's Apparel,2021-08-01,31150,37385.59439329023
Women's Apparel,2021-09-01,31510,36200.989963807195
Women's Apparel,2021-10-01,27285,43176.117301727485
Women's Apparel,2021-11-01,26710,42344.42729699854
Women's Apparel,2021-12-01,28830,41159.8228675155
Women's Athletic Footwear,2021-07-01,22101,24501.732421573153
Women's Athletic Footwear,2021-08-01,24749,24565.079101275904
Women's Athletic Footwear,2021-09-01,22841,23681.5413190353
Women's Athletic Footwear,2021-10-01,19194,27286.78077413032
Women's Athletic Footwear,2021-11-01,20984,27350.12745383307
Women's Athletic Footwear,2021-12-01,22957,26466.589671592465
Women's Street Footwear,2021-07-01,26339,29780.837735167155
Women's Street Footwear,2021-08-01,31297,27143.093741933164
Women's Street Footwear,2021-09-01,29146,24064.59414217334
Women's Street Footwear,2021-10-01,21973,29357.13500723145
Women's Street Footwear,2021-11-01,22019,26719.391013997458
Women's Street Footwear,2021-12-01,25524,23640.891414237634
