Product,Date,Actual Quantity Sold,Predicted Quantity
Men's Apparel,2021-07-01,23665,23424.102357107648
Men's Apparel,2021-08-01,22603,22940.928273511505
Men's Apparel,2021-09-01,22219,20356.06273936542
Men's Apparel,2021-10-01,18837,24537.250882932636
Men's Apparel,2021-11-01,19631,24054.07679933649
Men's Apparel,2021-12-01,22027,21469.21126519041
Men's Athletic Footwear,2021-07-01,30992,30837.212831353794
Men's Athletic Footwear,2021-08-01,37521,28924.18634917517
Men's Athletic Footwear,2021-09-01,34374,25037.898687551708
Men's Athletic Footwear,2021-10-01,29266,29701.416825491768
Men's Athletic Footwear,2021-11-01,25902,27788.39034331314
Men's Athletic Footwear,2021-12-01,30849,23902.102681689685
Men's Street Footwear,2021-07-01,44625,46527.88517819969
Men's Street Footwear,2021-08-01,48094,42465.17497320507
Men's Street Footwear,2021-09-01,42335,37352.376056857574
Men's Street Footwear,2021-10-01,36279,42202.85985669255
Men's Street Footwear,2021-11-01,34104,38140.149651697924
Men's Street Footwear,2021-12-01,41059,33027.35073535044
Women's Apparel,2021-07-01,32759,32361.873584876776
Women's Apparel,2021-08-01,31150,31254.43403444646
Women's Apparel,2021-09-01,31510,30083.428068584722
Women's Apparel,2021-10-01,27285,37619.73457154941
Women's Apparel,2021-11-01,26710,36512.29502111909
Women's Apparel,2021-12-01,28830,35341.28905525735
Women's Athletic Footwear,2021-07-01,22101,24248.920519748433
Women's Athletic Footwear,2021-08-01,24749,23106.245298019654
Women's Athletic Footwear,2021-09-01,22841,21573.622131398726
Women's Athletic Footwear,2021-10-01,19194,24596.34478397849
Women's Athletic Footwear,2021-11-01,20984,23453.66956224971
Women's Athletic Footwear,2021-12-01,22957,21921.046395628782
Women's Street Footwear,2021-07-01,26339,27047.389118540923
Women's Street Footwear,2021-08-01,31297,28463.54794124902
Women's Street Footwear,2021-09-01,29146,25168.89700719719
Women's Street Footwear,2021-10-01,21973,28109.52113059417
Women's Street Footwear,2021-11-01,22019,29525.679953302264
Women's Street Footwear,2021-12-01,25524,26231.029019250433
