Product,Forecast Date,Forecasted Quantity
Men's Apparel,2022-01-01,25650.399408757625
Men's Apparel,2022-02-01,25167.22532516148
Men's Apparel,2022-03-01,22582.359791015395
Men's Apparel,2022-04-01,26763.547934582613
Men's Apparel,2022-05-01,26280.373850986467
Men's Apparel,2022-06-01,23695.508316840383
Men's Apparel,2022-07-01,27876.6964604076
Men's Apparel,2022-08-01,27393.522376811456
Men's Apparel,2022-09-01,24808.656842665372
Men's Apparel,2022-10-01,28989.844986232587
Men's Apparel,2022-11-01,28506.670902636444
Men's Apparel,2022-12-01,25921.80536849036
Men's Athletic Footwear,2022-01-01,28565.62081962974
Men's Athletic Footwear,2022-02-01,26652.594337451115
Men's Athletic Footwear,2022-03-01,22766.30667582766
Men's Athletic Footwear,2022-04-01,27429.82481376772
Men's Athletic Footwear,2022-05-01,25516.798331589092
Men's Athletic Footwear,2022-06-01,21630.510669965635
Men's Athletic Footwear,2022-07-01,26294.02880790569
Men's Athletic Footwear,2022-08-01,24381.002325727066
Men's Athletic Footwear,2022-09-01,20494.71466410361
Men's Athletic Footwear,2022-10-01,25158.232802043665
Men's Athletic Footwear,2022-11-01,23245.20631986504
Men's Athletic Footwear,2022-12-01,19358.918658241582
Men's Street Footwear,2022-01-01,37877.834535185415
Men's Street Footwear,2022-02-01,33815.12433019078
Men's Street Footwear,2022-03-01,28702.325413843297
Men's Street Footwear,2022-04-01,33552.80921367827
Men's Street Footwear,2022-05-01,29490.099008683643
Men's Street Footwear,2022-06-01,24377.300092336158
Men's Street Footwear,2022-07-01,29227.78389217113
Men's Street Footwear,2022-08-01,25165.073687176504
Men's Street Footwear,2022-09-01,20052.274770829015
Men's Street Footwear,2022-10-01,24902.75857066399
Men's Street Footwear,2022-11-01,20840.048365669365
Men's Street Footwear,2022-12-01,15727.249449321875
Women's Apparel,2022-01-01,42877.595558222034
Women's Apparel,2022-02-01,41770.156007791724
Women's Apparel,2022-03-01,40599.15004192998
Women's Apparel,2022-04-01,48135.45654489467
Women's Apparel,2022-05-01,47028.01699446435
Women's Apparel,2022-06-01,45857.01102860261
Women's Apparel,2022-07-01,53393.3175315673
Women's Apparel,2022-08-01,52285.87798113698
Women's Apparel,2022-09-01,51114.872015275236
Women's Apparel,2022-10-01,58651.178518239925
Women's Apparel,2022-11-01,57543.738967809615
Women's Apparel,2022-12-01,56372.73300194787
Women's Athletic Footwear,2022-01-01,24943.76904820855
Women's Athletic Footwear,2022-02-01,23801.09382647977
Women's Athletic Footwear,2022-03-01,22268.470659858842
Women's Athletic Footwear,2022-04-01,25291.19331243861
Women's Athletic Footwear,2022-05-01,24148.518090709826
Women's Athletic Footwear,2022-06-01,22615.894924088898
Women's Athletic Footwear,2022-07-01,25638.617576668665
Women's Athletic Footwear,2022-08-01,24495.942354939885
Women's Athletic Footwear,2022-09-01,22963.319188318957
Women's Athletic Footwear,2022-10-01,25986.041840898724
Women's Athletic Footwear,2022-11-01,24843.366619169945
Women's Athletic Footwear,2022-12-01,23310.743452549013
Women's Street Footwear,2022-01-01,29171.653142647414
Women's Street Footwear,2022-02-01,30587.81196535551
Women's Street Footwear,2022-03-01,27293.16103130368
Women's Street Footwear,2022-04-01,30233.78515470066
Women's Street Footwear,2022-05-01,31649.94397740876
Women's Street Footwear,2022-06-01,28355.293043356924
Women's Street Footwear,2022-07-01,31295.917166753905
Women's Street Footwear,2022-08-01,32712.075989462002
Women's Street Footwear,2022-09-01,29417.42505541017
Women's Street Footwear,2022-10-01,32358.049178807152
Women's Street Footwear,2022-11-01,33774.20800151525
Women's Street Footwear,2022-12-01,30479.55706746342
