Product,Forecast Date,Forecasted Quantity
Men's Apparel,2022-01-01,30190.82542380681
Men's Apparel,2022-02-01,30594.949354401822
Men's Apparel,2022-03-01,28546.437969963925
Men's Apparel,2022-04-01,33208.75990739591
Men's Apparel,2022-05-01,33612.883837990914
Men's Apparel,2022-06-01,31564.372453553027
Men's Apparel,2022-07-01,36226.694390985016
Men's Apparel,2022-08-01,36630.818321580016
Men's Apparel,2022-09-01,34582.30693714213
Men's Apparel,2022-10-01,39244.62887457411
Men's Apparel,2022-11-01,39648.75280516912
Men's Apparel,2022-12-01,37600.24142073123
Men's Athletic Footwear,2022-01-01,39761.74628248033
Men's Athletic Footwear,2022-02-01,38084.2009093724
Men's Athletic Footwear,2022-03-01,35024.05190875928
Men's Athletic Footwear,2022-04-01,42626.18159500224
Men's Athletic Footwear,2022-05-01,40948.63622189431
Men's Athletic Footwear,2022-06-01,37888.48722128119
Men's Athletic Footwear,2022-07-01,45490.616907524156
Men's Athletic Footwear,2022-08-01,43813.07153441623
Men's Athletic Footwear,2022-09-01,40752.9225338031
Men's Athletic Footwear,2022-10-01,48355.05222004607
Men's Athletic Footwear,2022-11-01,46677.50684693814
Men's Athletic Footwear,2022-12-01,43617.357846325016
Men's Street Footwear,2022-01-01,55660.40673126332
Men's Street Footwear,2022-02-01,53161.84281728692
Men's Street Footwear,2022-03-01,50171.263642968384
Men's Street Footwear,2022-04-01,58493.31186993908
Men's Street Footwear,2022-05-01,55994.74795596269
Men's Street Footwear,2022-06-01,53004.16878164415
Men's Street Footwear,2022-07-01,61326.217008614854
Men's Street Footwear,2022-08-01,58827.65309463846
Men's Street Footwear,2022-09-01,55837.07392031992
Men's Street Footwear,2022-10-01,64159.122147290625
Men's Street Footwear,2022-11-01,61660.55823331423
Men's Street Footwear,2022-12-01,58669.97905899569
Women's Apparel,2022-01-01,48134.95020543579
Women's Apparel,2022-02-01,47303.26020070685
Women's Apparel,2022-03-01,46118.65577122381
Women's Apparel,2022-04-01,53093.7831091441
Women's Apparel,2022-05-01,52262.09310441516
Women's Apparel,2022-06-01,51077.488674932116
Women's Apparel,2022-07-01,58052.616012852406
Women's Apparel,2022-08-01,57220.92600812346
Women's Apparel,2022-09-01,56036.32157864042
Women's Apparel,2022-10-01,63011.44891656071
Women's Apparel,2022-11-01,62179.75891183176
Women's Apparel,2022-12-01,60995.15448234873
Women's Athletic Footwear,2022-01-01,30071.829126687488
Women's Athletic Footwear,2022-02-01,30135.175806390234
Women's Athletic Footwear,2022-03-01,29251.63802414963
Women's Athletic Footwear,2022-04-01,32856.87747924465
Women's Athletic Footwear,2022-05-01,32920.2241589474
Women's Athletic Footwear,2022-06-01,32036.68637670679
Women's Athletic Footwear,2022-07-01,35641.92583180182
Women's Athletic Footwear,2022-08-01,35705.27251150457
Women's Athletic Footwear,2022-09-01,34821.73472926396
Women's Athletic Footwear,2022-10-01,38426.97418435898
Women's Athletic Footwear,2022-11-01,38490.32086406174
Women's Athletic Footwear,2022-12-01,37606.78308182113
Women's Street Footwear,2022-01-01,28933.432279295746
Women's Street Footwear,2022-02-01,26295.688286061755
Women's Street Footwear,2022-03-01,23217.18868630193
Women's Street Footwear,2022-04-01,28509.729551360044
Women's Street Footwear,2022-05-01,25871.98555812605
Women's Street Footwear,2022-06-01,22793.485958366226
Women's Street Footwear,2022-07-01,28086.026823424338
Women's Street Footwear,2022-08-01,25448.282830190346
Women's Street Footwear,2022-09-01,22369.783230430523
Women's Street Footwear,2022-10-01,27662.324095488635
Women's Street Footwear,2022-11-01,25024.580102254644
Women's Street Footwear,2022-12-01,21946.08050249482
